id,question,start_date,end_date,volume,liquidity,outcomes_summary,closed
544928,"Will the NYC Mayoral Democratic Primary be decided in round 3?",2025-05-16T14:44:38.242185Z,2025-06-24T12:00:00Z,907241.424035,11322.95612,"Yes: 99.6% | No: 0.4%",false
552031,"Andrew Cuomo gets the most first-choice votes in the 2025 New York City Mayoral Democratic Primary?",2025-06-13T18:39:23.823007Z,2025-06-24T00:00:00Z,878154.502952,107475.16901,"Yes: 0.1% | No: 100.0%",false
549329,"Will the Starship for SpaceX Starship Flight Test 10 achieve a successful splashdown?",2025-06-02T21:33:06.76Z,2025-06-30T00:00:00Z,79933.303046,1418.8833,"Yes: 49.0% | No: 51.0%",false
552032,"Brad Lander gets the most first-choice votes in the 2025 New York City Mayoral Democratic Primary?",2025-06-13T18:39:23.316479Z,2025-06-24T00:00:00Z,72680.911,13677.86878,"Yes: 0.1% | No: 100.0%",false
544942,"Will Andrew Cuomo’s RCV margin of victory be between 10% and 15%?",2025-05-16T14:44:52.999438Z,2025-06-24T12:00:00Z,72136.575238,11943.46635,"Yes: 0.1% | No: 99.9%",false
549328,"Will SpaceX Starship Flight Test 10 Superheavy explode?",2025-06-02T21:33:07.016Z,2025-06-30T00:00:00Z,71466.269296,1586.2465,"Yes: 36.0% | No: 64.0%",false
552480,"Iran nuclear test in 2025?",2025-06-15T00:30:18.367Z,2025-06-30T23:55:00Z,68068.513754,14189.75,"Yes: 7.5% | No: 92.5%",false
552052,"Will Zohran Mamdani’s RCV margin of victory be between 0% and 3% in the New York City Mayoral Democratic Primary?",2025-06-12T22:55:13.397418Z,2025-06-24T00:00:00Z,67057.068189,8660.13769,"Yes: 0.1% | No: 100.0%",false
552029,"Selma Bartholomew gets the most first-choice votes in the 2025 New York City Mayoral Democratic Primary?",2025-06-13T18:39:17.550257Z,2025-06-24T00:00:00Z,64319.194868,29464.65536,"Yes: 0.1% | No: 100.0%",false
552028,"Adrienne Adams gets the most first-choice votes in the 2025 New York City Mayoral Democratic Primary?",2025-06-13T18:39:17.296355Z,2025-06-24T00:00:00Z,63860.2,21952.324,"Yes: 0.1% | No: 100.0%",false
544943,"Will Andrew Cuomo’s RCV margin of victory be between 15% and 20%?",2025-05-16T14:44:59.339229Z,2025-06-24T12:00:00Z,62877.022792,10465.13707,"Yes: 0.2% | No: 99.8%",false
544941,"Will Andrew Cuomo’s RCV margin of victory be between 5% and 10%?",2025-05-16T14:44:52.023675Z,2025-06-24T12:00:00Z,62860.349515,11896.59727,"Yes: 0.1% | No: 99.9%",false
552035,"Paperboy Prince gets the most first-choice votes in the 2025 New York City Mayoral Democratic Primary?",2025-06-13T18:39:27.449017Z,2025-06-24T00:00:00Z,61790.14911,21981.57632,"Yes: 0.1% | No: 100.0%",false
552036,"Jessica Ramos gets the most first-choice votes in the 2025 New York City Mayoral Democratic Primary?",2025-06-13T18:39:26.374647Z,2025-06-24T00:00:00Z,61475.752,23220.52642,"Yes: 0.1% | No: 99.9%",false
544944,"Will Andrew Cuomo’s RCV margin of victory be between 20% and 25%?",2025-05-16T14:44:59.847014Z,2025-06-24T12:00:00Z,60576.253199,15103.13965,"Yes: 0.2% | No: 99.8%",false
549618,"Will Pump.fun perform an airdrop by July 31? ",2025-06-03T20:40:49.966Z,2025-06-30T00:00:00Z,594350.691862,10132.5052,"Yes: 27.0% | No: 73.0%",false
552030,"Michael Blake gets the most first-choice votes in the 2025 New York City Mayoral Democratic Primary?",2025-06-13T18:39:23.569824Z,2025-06-24T00:00:00Z,57590.21011,23022.16418,"Yes: 0.1% | No: 100.0%",false
552038,"Whitney Tilson gets the most first-choice votes in the 2025 New York City Mayoral Democratic Primary?",2025-06-13T18:39:32.497745Z,2025-06-24T00:00:00Z,57365.09611,48879.9241,"Yes: 0.1% | No: 100.0%",false
552049,"Will Andrew Cuomo’s RCV margin of victory be between 6% and 9% in the New York City Mayoral Democratic Primary?",2025-06-12T22:55:07.126144Z,2025-06-24T00:00:00Z,56717.820281,6657.58953,"Yes: 0.1% | No: 100.0%",false
552034,"Zellnor Myrie gets the most first-choice votes in the 2025 New York City Mayoral Democratic Primary?",2025-06-13T18:39:24.329448Z,2025-06-24T00:00:00Z,54073.11311,13882.47538,"Yes: 0.1% | No: 100.0%",false
552037,"Scott Stringer gets the most first-choice votes in the 2025 New York City Mayoral Democratic Primary?",2025-06-13T18:39:33.005212Z,2025-06-24T00:00:00Z,53302.849141,24217.31848,"Yes: 0.1% | No: 100.0%",false
552051,"Will Andrew Cuomo’s RCV margin of victory be between 0% and 3% in the New York City Mayoral Democratic Primary?",2025-06-12T22:55:13.14519Z,2025-06-24T00:00:00Z,51859.478906,11842.57783,"Yes: 0.3% | No: 99.8%",false
540472,"Will US GDP growth in Q2 2025 be greater than 2%?",2025-04-30T20:17:50.971422Z,2025-06-30T12:00:00Z,513072.675092,5498.8915,"Yes: 77.5% | No: 22.5%",false
544946,"Will Andrew Cuomo’s RCV margin of victory be greater than 30%?",2025-05-16T14:44:59.084509Z,2025-06-24T12:00:00Z,49893.575726,12584.22282,"Yes: 0.1% | No: 99.9%",false
552050,"Will Andrew Cuomo’s RCV margin of victory be between 3% and 6% in the New York City Mayoral Democratic Primary?",2025-06-12T22:55:06.873507Z,2025-06-24T00:00:00Z,49773.584043,9409.08266,"Yes: 0.1% | No: 100.0%",false
544945,"Will Andrew Cuomo’s RCV margin of victory be between 25% and 30%?",2025-05-16T14:44:59.593243Z,2025-06-24T12:00:00Z,47172.703957,15838.2157,"Yes: 0.3% | No: 99.8%",false
544927,"Will the NYC Mayoral Democratic Primary be decided in round 2?",2025-05-16T14:44:37.986571Z,2025-06-24T12:00:00Z,446559.718797,12760.49636,"Yes: 0.1% | No: 99.9%",false
552047,"First round leader wins NYC Democratic primary?",2025-06-12T22:49:33.563242Z,2025-06-24T00:00:00Z,43435.742632,14973.38586,"Yes: 100.0% | No: 0.1%",false
540475,"Will US GDP growth in Q2 2025 be between 0% and -1%?",2025-04-30T20:18:51.659216Z,2025-06-30T12:00:00Z,397340.034235,15219.01182,"Yes: 1.0% | No: 99.0%",false
554582,"Will Zohran Madani’s vote share be greater than 32% in the first round of the NYC Democratic mayoral primary?",2025-06-20T22:43:19.540635Z,2025-06-24T00:00:00Z,39727.973034,15947.48298,"Yes: 99.9% | No: 0.1%",false
554647,"Will turnout be greater than 1200000 in the NYC Democratic mayoral primary?",2025-06-21T22:00:29.784822Z,2025-06-24T00:00:00Z,38879.301142,7755.73857,"Yes: 0.1% | No: 100.0%",false
552056,"Will a candidate other than Andrew Cuomo or Zohran Mamdani win the New York City Mayoral Democratic Primary?",2025-06-12T22:55:22.733581Z,2025-06-24T00:00:00Z,35838.180999,7848.06722,"Yes: 0.2% | No: 99.8%",false
554643,"Will turnout be less than 900000 in the NYC Democratic mayoral primary?",2025-06-21T22:00:13.546128Z,2025-06-24T00:00:00Z,35054.572749,6523.01996,"Yes: 0.3% | No: 99.8%",false
552989,"Will Andrew Cuomo win Manhattan in the New York City Mayoral Democratic Primary?",2025-06-16T18:52:11.753286Z,2025-06-24T00:00:00Z,34655.50921,3761.6278,"Yes: 0.3% | No: 99.7%",false
554644,"Will turnout be between 900000 and 1000000 in the NYC Democratic mayoral primary?",2025-06-21T22:00:14.054068Z,2025-06-24T00:00:00Z,33827.120479,2362.5477,"Yes: 0.2% | No: 99.8%",false
552010,"Will Brad Lander finish third in the 2025 New York City Mayoral Democratic Primary?",2025-06-12T21:24:26.508152Z,2025-06-24T00:00:00Z,33406.621266,4433.82017,"Yes: 100.0% | No: 0.1%",false
552055,"Will Zohran Mamdani’s RCV margin of victory be greater than 9% in the New York City Mayoral Democratic Primary?",2025-06-12T22:55:16.49052Z,2025-06-24T00:00:00Z,269536.997206,24417.32419,"Yes: 99.8% | No: 0.2%",false
553113,"Brewers vs. Cubs",2025-06-17T08:02:15.905978Z,2025-06-26T00:05:00Z,26790.583227,1878.8339,"Brewers: 49.5% | Cubs: 50.5%",false
552006,"Will Adrienne Adams finish third in the 2025 New York City Mayoral Democratic Primary?",2025-06-12T21:24:21.427774Z,2025-06-24T00:00:00Z,26617.727208,11454.65353,"Yes: 0.1% | No: 100.0%",false
540476,"Will US GDP growth in Q2 2025 be between -1% and -2%?",2025-04-30T20:18:51.655713Z,2025-06-30T12:00:00Z,250805.363719,9244.49404,"Yes: 0.4% | No: 99.7%",false
540474,"Will US GDP growth in Q2 2025 be between 1% and 0%?",2025-04-30T20:18:51.661754Z,2025-06-30T12:00:00Z,246874.663794,21133.68689,"Yes: 2.0% | No: 98.0%",false
540477,"Will US GDP growth in Q2 2025 be less than 2%?",2025-04-30T20:18:51.664503Z,2025-06-30T12:00:00Z,243303.196974,14988.95357,"Yes: 0.3% | No: 99.8%",false
552014,"Will Zohran Mamdani finish third in the 2025 New York City Mayoral Democratic Primary?",2025-06-12T21:24:31.175795Z,2025-06-24T00:00:00Z,23785.990606,20503.43581,"Yes: 0.2% | No: 99.8%",false
552054,"Will Zohran Mamdani’s RCV margin of victory be between 6% and 9% in the New York City Mayoral Democratic Primary?",2025-06-12T22:55:12.639348Z,2025-06-24T00:00:00Z,232418.676204,19194.37154,"Yes: 0.1% | No: 100.0%",false
554574,"Will Brad Lander’s vote share be between 9% and 12% in the first round of the NYC Democratic mayoral primary?",2025-06-20T22:45:34.001428Z,2025-06-24T00:00:00Z,23180.282056,1669.6438,"Yes: 100.0% | No: 0.1%",false
548302,"Tesla launches unsupervised full self driving (FSD) by December 31?",2025-05-29T21:54:51.386Z,2025-06-30T12:00:00Z,229539.607669,7680.612,"Yes: 27.5% | No: 72.5%",false
552991,"Will Andrew Cuomo win Staten Island in the New York City Mayoral Democratic Primary?",2025-06-16T18:52:12.006207Z,2025-06-24T00:00:00Z,21754.167848,3444.1624,"Yes: 99.7% | No: 0.4%",false
554534,"Will Andrew Cuomo's first round margin of victory be between 5% and 10%?",2025-06-20T22:48:40.331963Z,2025-06-24T00:00:00Z,21529.066082,4725.6651,"Yes: 0.1% | No: 99.9%",false
552990,"Will Andrew Cuomo win Queens in the New York City Mayoral Democratic Primary?",2025-06-16T18:52:05.511038Z,2025-06-24T00:00:00Z,20918.456866,5122.57927,"Yes: 0.3% | No: 99.7%",false
540473,"Will US GDP growth in Q2 2025 be between 2% and 1%?",2025-04-30T20:18:31.400434Z,2025-06-30T12:00:00Z,201838.569612,7267.0145,"Yes: 17.5% | No: 82.5%",false
544929,"Will the NYC Mayoral Democratic Primary be decided in round 4?",2025-05-16T14:44:44.892548Z,2025-06-24T12:00:00Z,196091.055307,6226.43193,"Yes: 0.1% | No: 99.9%",false
554533,"Will Andrew Cuomo's first round margin of victory be less than 5%?",2025-06-20T22:48:39.824905Z,2025-06-24T00:00:00Z,19254.952292,7158.15892,"Yes: 99.9% | No: 0.1%",false
552988,"Will Andrew Cuomo win Brooklyn in the New York City Mayoral Democratic Primary?",2025-06-16T18:52:11.499174Z,2025-06-24T00:00:00Z,17558.279844,4971.945,"Yes: 0.3% | No: 99.8%",false
552987,"Will Andrew Cuomo win The Bronx in the New York City Mayoral Democratic Primary?",2025-06-16T18:52:15.554477Z,2025-06-24T00:00:00Z,16444.193945,5871.66943,"Yes: 99.6% | No: 0.4%",false
554535,"Will Andrew Cuomo's first round margin of victory be between 10% and 15%?",2025-06-20T22:48:40.078153Z,2025-06-24T00:00:00Z,16376.972546,12341.17527,"Yes: 0.1% | No: 99.9%",false
544935,"Will the NYC Mayoral Democratic Primary be decided in round 10?",2025-05-16T14:44:48.208005Z,2025-06-24T12:00:00Z,163182.387859,25672.57628,"Yes: 0.1% | No: 100.0%",false
554575,"Will Brad Lander’s vote share be between 12% and 15% in the first round of the NYC Democratic mayoral primary?",2025-06-20T22:45:38.984652Z,2025-06-24T00:00:00Z,15836.356804,2566.7055,"Yes: 0.1% | No: 100.0%",false
549327,"Will the chopsticks catch SpaceX Starship Flight Test 10 Superheavy booster?",2025-06-02T21:33:01.953Z,2025-06-30T00:00:00Z,15319.111731,1427.1367,"Yes: 58.0% | No: 42.0%",false
544933,"Will the NYC Mayoral Democratic Primary be decided in round 8?",2025-05-16T14:44:47.953235Z,2025-06-24T12:00:00Z,152230.807784,8831.59058,"Yes: 0.1% | No: 100.0%",false
544932,"Will the NYC Mayoral Democratic Primary be decided in round 7?",2025-05-16T14:44:44.131352Z,2025-06-24T12:00:00Z,150510.591747,4030.30975,"Yes: 0.1% | No: 100.0%",false
544934,"Will the NYC Mayoral Democratic Primary be decided in round 9?",2025-05-16T14:44:49.166626Z,2025-06-24T12:00:00Z,149260.859073,11157.65023,"Yes: 0.1% | No: 100.0%",false
552011,"Will Scott Stringer finish third in the 2025 New York City Mayoral Democratic Primary?",2025-06-12T21:24:30.670263Z,2025-06-24T00:00:00Z,14909.266544,8562.12428,"Yes: 0.1% | No: 100.0%",false
552033,"Zohran Mamdani gets the most first-choice votes in the 2025 New York City Mayoral Democratic Primary?",2025-06-13T18:39:24.075985Z,2025-06-24T00:00:00Z,1432178.297001,80835.78287,"Yes: 99.9% | No: 0.1%",false
544926,"Will the NYC Mayoral Democratic Primary be decided in round 1?",2025-05-16T14:44:38.496287Z,2025-06-24T12:00:00Z,142862.407823,5422.76831,"Yes: 0.2% | No: 99.8%",false
551965,"Will Iran enrich uranium to 90% before August?",2025-06-12T19:40:52.754837Z,2025-06-30T00:00:00Z,142014.891686,5634.53615,"Yes: 0.9% | No: 99.2%",false
544930,"Will the NYC Mayoral Democratic Primary be decided in round 5?",2025-05-16T14:44:44.638526Z,2025-06-24T12:00:00Z,134505.316099,11170.70755,"Yes: 0.1% | No: 100.0%",false
544931,"Will the NYC Mayoral Democratic Primary be decided in round 6?",2025-05-16T14:44:44.385264Z,2025-06-24T12:00:00Z,132040.461112,13299.41714,"Yes: 0.1% | No: 100.0%",false
552048,"Will Andrew Cuomo’s RCV margin of victory be greater than 9% in the New York City Mayoral Democratic Primary?",2025-06-12T22:55:06.620922Z,2025-06-24T00:00:00Z,129300.047877,10215.6997,"Yes: 0.1% | No: 100.0%",false
544936,"Will the NYC Mayoral Democratic Primary be decided in round 11?",2025-05-16T14:44:48.913024Z,2025-06-24T12:00:00Z,128749.007301,9075.29775,"Yes: 0.1% | No: 100.0%",false
544940,"Will Andrew Cuomo’s RCV margin of victory be less than 5%?",2025-05-16T14:44:53.252844Z,2025-06-24T12:00:00Z,126620.831825,14457.03315,"Yes: 99.8% | No: 0.2%",false
552016,"Will Paperboy Prince finish third in the 2025 New York City Mayoral Democratic Primary?",2025-06-12T21:24:30.923204Z,2025-06-24T00:00:00Z,11825.1205,22134.42421,"Yes: 0.3% | No: 99.8%",false
552053,"Will Zohran Mamdani’s RCV margin of victory be between 3% and 6% in the New York City Mayoral Democratic Primary?",2025-06-12T22:55:12.892335Z,2025-06-24T00:00:00Z,116658.124845,30295.07835,"Yes: 0.1% | No: 100.0%",false
554646,"Will turnout be between 1100000 and 1200000 in the NYC Democratic mayoral primary?",2025-06-21T22:00:17.642526Z,2025-06-24T00:00:00Z,109991.470957,3642.38567,"Yes: 0.2% | No: 99.8%",false
552015,"Will Whitney Tilson finish third in the 2025 New York City Mayoral Democratic Primary?",2025-06-12T21:24:32.73757Z,2025-06-24T00:00:00Z,10919.5375,18080.93533,"Yes: 0.3% | No: 99.8%",false
554536,"Will Andrew Cuomo's first round margin of victory be between 15% and 20%?",2025-06-20T22:48:42.812386Z,2025-06-24T00:00:00Z,10823.814422,5177.20712,"Yes: 0.1% | No: 99.9%",false
554581,"Will Zohran Madani’s vote share be between 28% and 32% in the first round of the NYC Democratic mayoral primary?",2025-06-20T22:43:07.745522Z,2025-06-24T00:00:00Z,10257.359233,12576.68096,"Yes: 0.1% | No: 99.9%",false
544937,"Will the NYC Mayoral Democratic Primary be decided in round 12 or later?",2025-05-16T14:44:52.277079Z,2025-06-24T12:00:00Z,101697.095414,14304.85882,"Yes: 0.1% | No: 100.0%",false